<?xml version="1.0" encoding="UTF-8" standalone="no"?><TaskList Version="2.0"><Task Active="false" ConnectorKind="local" CreationDate="2015-12-03 00:37:54.176 -0800" DueDate="" EndDate="" Estimated="0" Handle="local-1" Kind="task" Label="get git to work without borking everything" LastModified="now" MarkReadPending="false" ModificationDate="" Notes="" NotifiedIncoming="true" Owner="local" Priority="P3" Reminded="false" RepositoryUrl="local" ScheduledEndDate="2015-12-05 23:59:59.999 -0800" ScheduledStartDate="2015-11-29 00:00:00.0 -0800" Stale="false" TaskId="1" offlineSyncState="SYNCHRONIZED"/><Task Active="false" ConnectorKind="local" CreationDate="2015-12-03 00:40:14.546 -0800" DueDate="" EndDate="" Estimated="0" Handle="local-5" Kind="task" Label="Microwave block" LastModified="now" MarkReadPending="false" ModificationDate="" Notes="" NotifiedIncoming="true" Owner="local" Priority="P3" Reminded="false" RepositoryUrl="local" ScheduledEndDate="2015-12-05 23:59:59.999 -0800" ScheduledStartDate="2015-11-29 00:00:00.0 -0800" Stale="false" TaskId="5" offlineSyncState="SYNCHRONIZED"/><Task Active="false" ConnectorKind="local" CreationDate="2015-12-03 00:42:45.114 -0800" DueDate="" EndDate="" Estimated="0" Handle="local-12" Kind="task" Label="Automated Reactor Controller Peripheral" LastModified="now" MarkReadPending="false" ModificationDate="" Notes="" NotifiedIncoming="true" Owner="local" Priority="P3" Reminded="false" RepositoryUrl="local" ScheduledEndDate="2015-12-05 23:59:59.999 -0800" ScheduledStartDate="2015-11-29 00:00:00.0 -0800" Stale="false" TaskId="12" offlineSyncState="SYNCHRONIZED"/><Task Active="false" ConnectorKind="local" CreationDate="2015-12-03 00:42:04.578 -0800" DueDate="" EndDate="" Estimated="0" Handle="local-11" Kind="task" Label="Make radiation kill faster past a certain point" LastModified="now" MarkReadPending="false" ModificationDate="" Notes="" NotifiedIncoming="true" Owner="local" Priority="P3" Reminded="false" RepositoryUrl="local" ScheduledEndDate="2015-12-05 23:59:59.999 -0800" ScheduledStartDate="2015-11-29 00:00:00.0 -0800" Stale="false" TaskId="11" offlineSyncState="SYNCHRONIZED"/><Task Active="false" ConnectorKind="local" CreationDate="2015-12-03 00:41:50.312 -0800" DueDate="" EndDate="" Estimated="0" Handle="local-10" Kind="task" Label="Add some type of energy transport" LastModified="now" MarkReadPending="false" ModificationDate="" Notes="" NotifiedIncoming="true" Owner="local" Priority="P3" Reminded="false" RepositoryUrl="local" ScheduledEndDate="2015-12-05 23:59:59.999 -0800" ScheduledStartDate="2015-11-29 00:00:00.0 -0800" Stale="false" TaskId="10" offlineSyncState="SYNCHRONIZED"/><Task Active="false" ConnectorKind="local" CreationDate="2015-12-03 00:38:38.902 -0800" DueDate="" EndDate="" Estimated="0" Handle="local-2" Kind="task" Label="recipes for machines / machine blocks" LastModified="now" MarkReadPending="false" ModificationDate="" Notes="" NotifiedIncoming="true" Owner="local" Priority="P3" Reminded="false" RepositoryUrl="local" ScheduledEndDate="2015-12-05 23:59:59.999 -0800" ScheduledStartDate="2015-11-29 00:00:00.0 -0800" Stale="false" TaskId="2" offlineSyncState="SYNCHRONIZED"/><Task Active="false" ConnectorKind="local" CreationDate="2015-12-03 00:41:24.143 -0800" DueDate="" EndDate="" Estimated="0" Handle="local-9" Kind="task" Label="Achievements / Progression" LastModified="now" MarkReadPending="false" ModificationDate="" Notes="" NotifiedIncoming="true" Owner="local" Priority="P3" Reminded="false" RepositoryUrl="local" ScheduledEndDate="2015-12-05 23:59:59.999 -0800" ScheduledStartDate="2015-11-29 00:00:00.0 -0800" Stale="false" TaskId="9" offlineSyncState="SYNCHRONIZED"/><Task Active="false" ConnectorKind="local" CreationDate="2015-12-03 00:40:49.642 -0800" DueDate="" EndDate="" Estimated="0" Handle="local-8" Kind="task" Label="Radioactive Generator / Radioisotope Generator" LastModified="now" MarkReadPending="false" ModificationDate="" Notes="" NotifiedIncoming="true" Owner="local" Priority="P3" Reminded="false" RepositoryUrl="local" ScheduledEndDate="2015-12-05 23:59:59.999 -0800" ScheduledStartDate="2015-11-29 00:00:00.0 -0800" Stale="false" TaskId="8" offlineSyncState="SYNCHRONIZED"/><Task Active="false" ConnectorKind="local" CreationDate="2015-12-03 00:40:37.454 -0800" DueDate="" EndDate="" Estimated="0" Handle="local-7" Kind="task" Label="Item transporter" LastModified="now" MarkReadPending="false" ModificationDate="" Notes="" NotifiedIncoming="true" Owner="local" Priority="P3" Reminded="false" RepositoryUrl="local" ScheduledEndDate="2015-12-05 23:59:59.999 -0800" ScheduledStartDate="2015-11-29 00:00:00.0 -0800" Stale="false" TaskId="7" offlineSyncState="SYNCHRONIZED"/><Task Active="false" ConnectorKind="local" CreationDate="2015-12-03 00:40:26.330 -0800" DueDate="" EndDate="" Estimated="0" Handle="local-6" Kind="task" Label="Radio tower" LastModified="now" MarkReadPending="false" ModificationDate="" Notes="" NotifiedIncoming="true" Owner="local" Priority="P3" Reminded="false" RepositoryUrl="local" ScheduledEndDate="2015-12-05 23:59:59.999 -0800" ScheduledStartDate="2015-11-29 00:00:00.0 -0800" Stale="false" TaskId="6" offlineSyncState="SYNCHRONIZED"/><TaskCategory Handle="handle-1" Name="[[Radio System]]"><TaskReference Handle="local-5"/><TaskReference Handle="local-6"/><TaskReference Handle="local-7"/></TaskCategory><TaskCategory Handle="Uncategorized" Name="Uncategorized"><TaskReference Handle="local-1"/><TaskReference Handle="local-2"/><TaskReference Handle="local-8"/><TaskReference Handle="local-9"/><TaskReference Handle="local-10"/><TaskReference Handle="local-11"/><TaskReference Handle="local-12"/></TaskCategory></TaskList>