{"stat.useItem.276":11,"stat.walkOneCm":106055,"stat.useItem.278":60,"stat.craftItem.265":333,"achievement.openInventory":143,"stat.killEntity.Chicken":1,"stat.mineBlock.4":6,"stat.mineBlock.3":11,"stat.mineBlock.175":1,"stat.mobKills":4,"stat.useItem.8":2,"stat.useItem.54":1,"stat.useItem.383":3,"stat.flyOneCm":34226,"stat.drop":2,"stat.jump":128,"stat.swimOneCm":720,"stat.playOneMinute":30305,"stat.fallOneCm":2917,"stat.useItem.4":9,"stat.useItem.3":1,"stat.damageDealt":800,"stat.killEntity.Zombie":3,"achievement.exploreAllBiomes":{"value":0,"progress":["Plains"]},"stat.useItem.58":1,"stat.mineBlock.31":7}